Satrt Time, 2026/01/05 17:17:13
MAC Address, 001F7B6BD20A
MAC Address, 001F7B6BD20B
Title,ATC_CONNECT_TESTER,ATC_INSERT_DUT,BT_TX_BDR,BT_TX_BDR,BT_TX_BDR,BT_TX_BDR,BT_TX_BDR,BT_TX_BDR,BT_TX_EDR,BT_TX_EDR,BT_TX_EDR,BT_TX_EDR,BT_TX_EDR,BT_TX_EDR,BT_TX_EDR,BT_TX_EDR,BT_TX_EDR,BT_TX_EDR,BT_TX_EDR,BT_TX_EDR,BT_TX_EDR,BT_TX_EDR,BT_TX_EDR,BT_TX_EDR,BT_TX_LE,BT_TX_LE,BT_TX_LE,BT_TX_LE,BT_TX_LE,BT_TX_LE,BT_TX_LE,BT_TX_LE,BT_TX_LE,BT_RX_BER,BT_RX_BER,BT_RX_LE,ATC_REMOVE_DUT,ATC_INSERT_DUT,ATC_INITIALIZE_DUT,ATC_INITIALIZE_DUT,WIFI_11AC_TX_VERIFY_ALL,WIFI_11AC_TX_VERIFY_ALL,WIFI_11AC_TX_VERIFY_ALL,WIFI_11AC_TX_VERIFY_ALL,WIFI_11AC_TX_VERIFY_ALL,WIFI_11AC_TX_VERIFY_ALL,WIFI_11AC_TX_VERIFY_ALL,WIFI_11AC_TX_VERIFY_ALL,WIFI_11AC_TX_VERIFY_ALL,WIFI_11AC_TX_VERIFY_ALL,WIFI_11AC_TX_VERIFY_ALL,WIFI_11AC_TX_VERIFY_ALL,WIFI_11AC_TX_VERIFY_ALL,WIFI_11AC_TX_VERIFY_ALL,WIFI_11AC_TX_VERIFY_ALL,WIFI_11AC_TX_VERIFY_ALL,WIFI_11AC_TX_VERIFY_ALL,WIFI_11AC_TX_VERIFY_ALL,WIFI_11AC_TX_VERIFY_ALL,WIFI_11AC_TX_VERIFY_ALL,WIFI_11AC_TX_VERIFY_ALL,WIFI_11AC_TX_VERIFY_ALL,WIFI_11AC_TX_VERIFY_ALL,WIFI_11AC_TX_VERIFY_ALL,WIFI_11AC_TX_VERIFY_ALL,WIFI_11AC_TX_VERIFY_ALL,WIFI_11AC_TX_VERIFY_ALL,WIFI_11AC_TX_VERIFY_ALL,WIFI_11AC_TX_VERIFY_ALL,WIFI_11AC_TX_VERIFY_ALL,WIFI_11AC_TX_VERIFY_ALL,WIFI_11AC_TX_VERIFY_ALL,WIFI_11AC_TX_VERIFY_ALL,WIFI_11AC_TX_VERIFY_ALL,WIFI_11AC_TX_VERIFY_ALL,WIFI_11AC_TX_VERIFY_ALL,WIFI_11AC_TX_VERIFY_ALL,WIFI_11AC_TX_VERIFY_ALL,WIFI_11AC_TX_VERIFY_ALL,WIFI_11AC_TX_VERIFY_ALL,WIFI_11AC_TX_VERIFY_ALL,WIFI_11AC_TX_VERIFY_ALL,WIFI_11AC_TX_VERIFY_ALL,WIFI_11AC_TX_VERIFY_ALL,WIFI_11AC_TX_VERIFY_ALL,WIFI_11AC_TX_VERIFY_ALL,WIFI_11AC_TX_VERIFY_ALL,WIFI_11AC_TX_VERIFY_ALL,WIFI_11AC_TX_VERIFY_ALL,WIFI_11AC_TX_VERIFY_ALL,WIFI_11AC_TX_VERIFY_ALL,WIFI_11AC_TX_VERIFY_ALL,WIFI_11AC_TX_VERIFY_ALL,WIFI_11AC_TX_VERIFY_ALL,WIFI_11AC_TX_VERIFY_ALL,WIFI_11AC_TX_VERIFY_ALL,WIFI_11AC_TX_VERIFY_ALL,WIFI_11AC_TX_VERIFY_ALL,WIFI_11AC_TX_VERIFY_ALL,WIFI_11AC_TX_VERIFY_ALL,WIFI_11AC_TX_VERIFY_ALL,WIFI_11AC_TX_VERIFY_ALL,WIFI_11AC_TX_VERIFY_ALL,WIFI_11AC_TX_VERIFY_ALL,WIFI_11AC_TX_VERIFY_ALL,WIFI_11AC_TX_VERIFY_ALL,WIFI_11AC_TX_VERIFY_ALL,WIFI_11AC_TX_VERIFY_ALL,WIFI_11AC_TX_VERIFY_ALL,WIFI_11AC_TX_VERIFY_ALL,WIFI_11AC_TX_VERIFY_ALL,WIFI_11AC_TX_VERIFY_ALL,WIFI_11AC_TX_VERIFY_ALL,WIFI_11AC_TX_VERIFY_ALL,WIFI_11AC_TX_VERIFY_ALL,WIFI_11AC_TX_VERIFY_ALL,WIFI_11AC_TX_VERIFY_ALL,WIFI_11AC_TX_VERIFY_ALL,WIFI_11AC_TX_VERIFY_ALL,WIFI_11AC_TX_VERIFY_ALL,WIFI_11AC_TX_VERIFY_ALL,WIFI_11AC_TX_VERIFY_ALL,WIFI_11AC_TX_VERIFY_ALL,WIFI_11AC_TX_VERIFY_ALL,WIFI_11AC_TX_VERIFY_ALL,WIFI_11AC_TX_VERIFY_ALL,WIFI_11AC_TX_VERIFY_ALL,WIFI_11AC_TX_VERIFY_ALL,WIFI_11AC_TX_VERIFY_ALL,WIFI_11AC_TX_VERIFY_ALL,WIFI_11AC_TX_VERIFY_ALL,WIFI_11AC_TX_VERIFY_ALL,WIFI_11AC_TX_VERIFY_ALL,WIFI_11AC_TX_VERIFY_ALL,WIFI_11AC_TX_VERIFY_ALL,WIFI_11AC_TX_VERIFY_ALL,WIFI_11AC_TX_VERIFY_ALL,WIFI_11AC_TX_VERIFY_ALL,WIFI_11AC_TX_VERIFY_ALL,WIFI_11AC_TX_VERIFY_ALL,WIFI_11AC_TX_VERIFY_ALL,WIFI_11AC_TX_VERIFY_ALL,WIFI_11AC_TX_VERIFY_ALL,WIFI_11AC_TX_VERIFY_ALL,WIFI_11AC_TX_VERIFY_ALL,WIFI_11AC_TX_VERIFY_ALL,WIFI_11AC_TX_VERIFY_ALL,WIFI_11AC_TX_VERIFY_ALL,WIFI_11AC_TX_VERIFY_ALL,WIFI_11AC_TX_VERIFY_ALL,WIFI_11AC_TX_VERIFY_ALL,WIFI_11AC_TX_VERIFY_ALL,WIFI_11AC_TX_VERIFY_ALL,WIFI_11AC_TX_VERIFY_ALL,WIFI_11AC_TX_VERIFY_ALL,WIFI_11AC_TX_VERIFY_ALL,WIFI_11AC_TX_VERIFY_ALL,WIFI_11AC_TX_VERIFY_ALL,WIFI_11AC_TX_VERIFY_ALL,WIFI_11AC_TX_VERIFY_ALL,WIFI_11AC_TX_VERIFY_ALL,WIFI_11AC_TX_VERIFY_ALL,WIFI_11AC_TX_VERIFY_ALL,WIFI_11AC_TX_VERIFY_ALL,WIFI_11AC_TX_VERIFY_ALL,WIFI_11AC_TX_VERIFY_ALL,WIFI_11AC_TX_VERIFY_ALL,WIFI_11AC_TX_VERIFY_ALL,WIFI_11AC_TX_VERIFY_ALL,WIFI_11AC_TX_VERIFY_ALL,WIFI_11AC_TX_VERIFY_ALL,WIFI_11AC_TX_VERIFY_ALL,WIFI_11AC_TX_VERIFY_ALL,WIFI_11AC_TX_VERIFY_ALL,WIFI_11AC_TX_VERIFY_ALL,WIFI_11AC_TX_VERIFY_ALL,WIFI_11AC_TX_VERIFY_ALL,WIFI_11AC_TX_VERIFY_ALL,WIFI_11AC_TX_VERIFY_ALL,WIFI_11AC_TX_VERIFY_ALL,WIFI_11AC_TX_VERIFY_ALL,WIFI_11AC_TX_VERIFY_ALL,WIFI_11AC_TX_VERIFY_ALL,WIFI_11AC_TX_VERIFY_ALL,WIFI_11AC_RX_VERIFY_PER,WIFI_11AC_RX_VERIFY_PER,WIFI_11AC_RX_VERIFY_PER,WIFI_11AC_RX_VERIFY_PER,WIFI_11AC_RX_VERIFY_PER,WIFI_11AC_RX_VERIFY_PER,WIFI_11AC_RX_VERIFY_PER,WIFI_11AC_RX_VERIFY_PER,WIFI_11AC_RX_VERIFY_PER,WIFI_11AC_RX_VERIFY_PER,WIFI_11AC_RX_VERIFY_PER,WIFI_11AC_RX_VERIFY_PER,WIFI_11AC_RX_VERIFY_PER,WIFI_11AC_RX_VERIFY_PER,WIFI_11AC_RX_VERIFY_PER,WIFI_11AC_RX_VERIFY_PER,WIFI_11AC_RX_VERIFY_PER,WIFI_11AC_RX_VERIFY_PER,WIFI_11AC_RX_VERIFY_PER,WIFI_11AC_RX_VERIFY_PER,WIFI_11AC_RX_VERIFY_PER,WIFI_11AC_RX_VERIFY_PER,WIFI_11AC_RX_VERIFY_PER,WIFI_11AC_RX_VERIFY_PER,ATC_WRITE_MAC_ADDRESS,ATC_WRITE_MAC_ADDRESS,ATC_WRITE_EEPROM,ATC_REMOVE_DUT
Condition,RIGHT 192.168.100.254 ,BT QCA_9377.dll Setup\dutSetup_QCA9377.txt NULL ,,,,,,,,,,,,,,,,,,,,,,,,,,,,,,,,,,,BT ,WIFI QCA_9377.dll Setup\dutSetup_QCA9377.txt  ,,,2412 MHz CCK-11 BW-20 ANT_1 19 dBm ,2412 MHz CCK-11 BW-20 ANT_1 19 dBm ,2412 MHz CCK-11 BW-20 ANT_1 19 dBm ,2412 MHz CCK-11 BW-20 ANT_1 19 dBm ,2412 MHz CCK-11 BW-20 ANT_1 19 dBm ,2412 MHz CCK-11 BW-20 ANT_1 19 dBm ,2442 MHz CCK-11 BW-20 ANT_1 19 dBm ,2442 MHz CCK-11 BW-20 ANT_1 19 dBm ,2442 MHz CCK-11 BW-20 ANT_1 19 dBm ,2442 MHz CCK-11 BW-20 ANT_1 19 dBm ,2442 MHz CCK-11 BW-20 ANT_1 19 dBm ,2442 MHz CCK-11 BW-20 ANT_1 19 dBm ,2467 MHz CCK-11 BW-20 ANT_1 19 dBm ,2467 MHz CCK-11 BW-20 ANT_1 19 dBm ,2467 MHz CCK-11 BW-20 ANT_1 19 dBm ,2467 MHz CCK-11 BW-20 ANT_1 19 dBm ,2467 MHz CCK-11 BW-20 ANT_1 19 dBm ,2467 MHz CCK-11 BW-20 ANT_1 19 dBm ,2412 MHz OFDM-54 BW-20 ANT_1 16 dBm ,2412 MHz OFDM-54 BW-20 ANT_1 16 dBm ,2412 MHz OFDM-54 BW-20 ANT_1 16 dBm ,2412 MHz OFDM-54 BW-20 ANT_1 16 dBm ,2412 MHz OFDM-54 BW-20 ANT_1 16 dBm ,2412 MHz OFDM-54 BW-20 ANT_1 16 dBm ,2442 MHz OFDM-54 BW-20 ANT_1 16 dBm ,2442 MHz OFDM-54 BW-20 ANT_1 16 dBm ,2442 MHz OFDM-54 BW-20 ANT_1 16 dBm ,2442 MHz OFDM-54 BW-20 ANT_1 16 dBm ,2442 MHz OFDM-54 BW-20 ANT_1 16 dBm ,2442 MHz OFDM-54 BW-20 ANT_1 16 dBm ,2467 MHz OFDM-54 BW-20 ANT_1 16 dBm ,2467 MHz OFDM-54 BW-20 ANT_1 16 dBm ,2467 MHz OFDM-54 BW-20 ANT_1 16 dBm ,2467 MHz OFDM-54 BW-20 ANT_1 16 dBm ,2467 MHz OFDM-54 BW-20 ANT_1 16 dBm ,2467 MHz OFDM-54 BW-20 ANT_1 16 dBm ,2412 MHz MCS7 BW-20 ANT_1 16 dBm ,2412 MHz MCS7 BW-20 ANT_1 16 dBm ,2412 MHz MCS7 BW-20 ANT_1 16 dBm ,2412 MHz MCS7 BW-20 ANT_1 16 dBm ,2412 MHz MCS7 BW-20 ANT_1 16 dBm ,2412 MHz MCS7 BW-20 ANT_1 16 dBm ,2442 MHz MCS7 BW-20 ANT_1 16 dBm ,2442 MHz MCS7 BW-20 ANT_1 16 dBm ,2442 MHz MCS7 BW-20 ANT_1 16 dBm ,2442 MHz MCS7 BW-20 ANT_1 16 dBm ,2442 MHz MCS7 BW-20 ANT_1 16 dBm ,2442 MHz MCS7 BW-20 ANT_1 16 dBm ,2467 MHz MCS7 BW-20 ANT_1 16 dBm ,2467 MHz MCS7 BW-20 ANT_1 16 dBm ,2467 MHz MCS7 BW-20 ANT_1 16 dBm ,2467 MHz MCS7 BW-20 ANT_1 16 dBm ,2467 MHz MCS7 BW-20 ANT_1 16 dBm ,2467 MHz MCS7 BW-20 ANT_1 16 dBm ,2422 MHz MCS7 BW-40 ANT_1 16 dBm ,2422 MHz MCS7 BW-40 ANT_1 16 dBm ,2422 MHz MCS7 BW-40 ANT_1 16 dBm ,2422 MHz MCS7 BW-40 ANT_1 16 dBm ,2422 MHz MCS7 BW-40 ANT_1 16 dBm ,2422 MHz MCS7 BW-40 ANT_1 16 dBm ,2442 MHz MCS7 BW-40 ANT_1 16 dBm ,2442 MHz MCS7 BW-40 ANT_1 16 dBm ,2442 MHz MCS7 BW-40 ANT_1 16 dBm ,2442 MHz MCS7 BW-40 ANT_1 16 dBm ,2442 MHz MCS7 BW-40 ANT_1 16 dBm ,2442 MHz MCS7 BW-40 ANT_1 16 dBm ,2467 MHz MCS7 BW-40 ANT_1 16 dBm ,2467 MHz MCS7 BW-40 ANT_1 16 dBm ,2467 MHz MCS7 BW-40 ANT_1 16 dBm ,2467 MHz MCS7 BW-40 ANT_1 16 dBm ,2467 MHz MCS7 BW-40 ANT_1 16 dBm ,2467 MHz MCS7 BW-40 ANT_1 16 dBm ,5180 MHz OFDM-54 BW-20 ANT_1 13 dBm ,5180 MHz OFDM-54 BW-20 ANT_1 13 dBm ,5180 MHz OFDM-54 BW-20 ANT_1 13 dBm ,5180 MHz OFDM-54 BW-20 ANT_1 13 dBm ,5180 MHz OFDM-54 BW-20 ANT_1 13 dBm ,5180 MHz OFDM-54 BW-20 ANT_1 13 dBm ,5500 MHz OFDM-54 BW-20 ANT_1 13 dBm ,5500 MHz OFDM-54 BW-20 ANT_1 13 dBm ,5500 MHz OFDM-54 BW-20 ANT_1 13 dBm ,5500 MHz OFDM-54 BW-20 ANT_1 13 dBm ,5500 MHz OFDM-54 BW-20 ANT_1 13 dBm ,5500 MHz OFDM-54 BW-20 ANT_1 13 dBm ,5765 MHz OFDM-54 BW-20 ANT_1 13 dBm ,5765 MHz OFDM-54 BW-20 ANT_1 13 dBm ,5765 MHz OFDM-54 BW-20 ANT_1 13 dBm ,5765 MHz OFDM-54 BW-20 ANT_1 13 dBm ,5765 MHz OFDM-54 BW-20 ANT_1 13 dBm ,5765 MHz OFDM-54 BW-20 ANT_1 13 dBm ,5180 MHz MCS7 BW-20 ANT_1 11 dBm ,5180 MHz MCS7 BW-20 ANT_1 11 dBm ,5180 MHz MCS7 BW-20 ANT_1 11 dBm ,5180 MHz MCS7 BW-20 ANT_1 11 dBm ,5180 MHz MCS7 BW-20 ANT_1 11 dBm ,5180 MHz MCS7 BW-20 ANT_1 11 dBm ,5500 MHz MCS7 BW-20 ANT_1 11 dBm ,5500 MHz MCS7 BW-20 ANT_1 11 dBm ,5500 MHz MCS7 BW-20 ANT_1 11 dBm ,5500 MHz MCS7 BW-20 ANT_1 11 dBm ,5500 MHz MCS7 BW-20 ANT_1 11 dBm ,5500 MHz MCS7 BW-20 ANT_1 11 dBm ,5765 MHz MCS7 BW-20 ANT_1 11 dBm ,5765 MHz MCS7 BW-20 ANT_1 11 dBm ,5765 MHz MCS7 BW-20 ANT_1 11 dBm ,5765 MHz MCS7 BW-20 ANT_1 11 dBm ,5765 MHz MCS7 BW-20 ANT_1 11 dBm ,5765 MHz MCS7 BW-20 ANT_1 11 dBm ,5190 MHz MCS7 BW-40 ANT_1 11 dBm ,5190 MHz MCS7 BW-40 ANT_1 11 dBm ,5190 MHz MCS7 BW-40 ANT_1 11 dBm ,5190 MHz MCS7 BW-40 ANT_1 11 dBm ,5190 MHz MCS7 BW-40 ANT_1 11 dBm ,5190 MHz MCS7 BW-40 ANT_1 11 dBm ,5510 MHz MCS7 BW-40 ANT_1 11 dBm ,5510 MHz MCS7 BW-40 ANT_1 11 dBm ,5510 MHz MCS7 BW-40 ANT_1 11 dBm ,5510 MHz MCS7 BW-40 ANT_1 11 dBm ,5510 MHz MCS7 BW-40 ANT_1 11 dBm ,5510 MHz MCS7 BW-40 ANT_1 11 dBm ,5755 MHz MCS7 BW-40 ANT_1 11 dBm ,5755 MHz MCS7 BW-40 ANT_1 11 dBm ,5755 MHz MCS7 BW-40 ANT_1 11 dBm ,5755 MHz MCS7 BW-40 ANT_1 11 dBm ,5755 MHz MCS7 BW-40 ANT_1 11 dBm ,5755 MHz MCS7 BW-40 ANT_1 11 dBm ,5210 MHz MCS9 BW-80 ANT_1 9 dBm ,5210 MHz MCS9 BW-80 ANT_1 9 dBm ,5210 MHz MCS9 BW-80 ANT_1 9 dBm ,5210 MHz MCS9 BW-80 ANT_1 9 dBm ,5210 MHz MCS9 BW-80 ANT_1 9 dBm ,5210 MHz MCS9 BW-80 ANT_1 9 dBm ,5530 MHz MCS9 BW-80 ANT_1 9 dBm ,5530 MHz MCS9 BW-80 ANT_1 9 dBm ,5530 MHz MCS9 BW-80 ANT_1 9 dBm ,5530 MHz MCS9 BW-80 ANT_1 9 dBm ,5530 MHz MCS9 BW-80 ANT_1 9 dBm ,5530 MHz MCS9 BW-80 ANT_1 9 dBm ,5775 MHz MCS9 BW-80 ANT_1 9 dBm ,5775 MHz MCS9 BW-80 ANT_1 9 dBm ,5775 MHz MCS9 BW-80 ANT_1 9 dBm ,5775 MHz MCS9 BW-80 ANT_1 9 dBm ,5775 MHz MCS9 BW-80 ANT_1 9 dBm ,5775 MHz MCS9 BW-80 ANT_1 9 dBm ,2412 MHz CCK-11 BW-20 ANT_1 -84 dBm ,2442 MHz CCK-11 BW-20 ANT_1 -84 dBm ,2467 MHz CCK-11 BW-20 ANT_1 -84 dBm ,2412 MHz OFDM-54 BW-20 ANT_1 -67 dBm ,2442 MHz OFDM-54 BW-20 ANT_1 -67 dBm ,2467 MHz OFDM-54 BW-20 ANT_1 -67 dBm ,2412 MHz MCS7 BW-20 ANT_1 -63.5 dBm ,2442 MHz MCS7 BW-20 ANT_1 -63.5 dBm ,2467 MHz MCS7 BW-20 ANT_1 -63.5 dBm ,2422 MHz MCS7 BW-40 ANT_1 -62.5 dBm ,2442 MHz MCS7 BW-40 ANT_1 -62.5 dBm ,2467 MHz MCS7 BW-40 ANT_1 -62.5 dBm ,5180 MHz OFDM-54 BW-20 ANT_1 -67 dBm ,5500 MHz OFDM-54 BW-20 ANT_1 -67 dBm ,5765 MHz OFDM-54 BW-20 ANT_1 -67 dBm ,5180 MHz MCS7 BW-20 ANT_1 -63.5 dBm ,5500 MHz MCS7 BW-20 ANT_1 -63.5 dBm ,5765 MHz MCS7 BW-20 ANT_1 -63.5 dBm ,5190 MHz MCS7 BW-40 ANT_1 -62.5 dBm ,5510 MHz MCS7 BW-40 ANT_1 -62.5 dBm ,5755 MHz MCS7 BW-40 ANT_1 -62.5 dBm ,5210 MHz MCS9 BW-80 ANT_1 -51 dBm ,5530 MHz MCS9 BW-80 ANT_1 -51 dBm ,5775 MHz MCS9 BW-80 ANT_1 -51 dBm ,,,NONE ,WIFI_11AC 
Name,Serial Number,DUT_VERSION,Ini Freq Error (KHz),Freq Drift (KHz),Delta F2 Max (KHz),Power (dBm),Freq Delta F1 Avg (KHz),DELTA_F2_F1_AV_RATIO (),DEVM Avg (%),DEVM Peakg (%),Power Diff (dB),Edr Omega I (KHz),Edr Omega 0 (KHz),Edr Omega I0 (KHz),DEVM 99PCT (%),Power (dBm),DEVM Avg (%),DEVM Peakg (%),Power Diff (dB),Edr Omega I (KHz),Edr Omega 0 (KHz),Edr Omega I0 (KHz),DEVM 99PCT (%),Power (dBm),Ini Freq Error (KHz),Delta F2 Avg (KHz),Delta F2 Max (KHz),Delta F0 Fn Max (KHz),Delta F1 F0 (KHz),Delta Fn Fn5 Max (KHz),Power (dBm),Delta F1 Avg (KHz),Ratio of F2 To F1 (),BER (%),BER (%),PER (%),STATUS,DUT_VERSION,DUT_NAME,DUT_DRIVER_INFO,EVM (dB),Freq Error (ppm),Sym Clk Error (ppm),Power (dBm),LO Leakage (dBc),Spectrum Mask (%),EVM (dB),Freq Error (ppm),Sym Clk Error (ppm),Power (dBm),LO Leakage (dBc),Spectrum Mask (%),EVM (dB),Freq Error (ppm),Sym Clk Error (ppm),Power (dBm),LO Leakage (dBc),Spectrum Mask (%),EVM (dB),Freq Error (ppm),Sym Clk Error (ppm),Power (dBm),LO Leakage (dBc),Spectrum Mask (%),EVM (dB),Freq Error (ppm),Sym Clk Error (ppm),Power (dBm),LO Leakage (dBc),Spectrum Mask (%),EVM (dB),Freq Error (ppm),Sym Clk Error (ppm),Power (dBm),LO Leakage (dBc),Spectrum Mask (%),EVM (dB),Freq Error (ppm),Sym Clk Error (ppm),Power (dBm),LO Leakage (dBc),Spectrum Mask (%),EVM (dB),Freq Error (ppm),Sym Clk Error (ppm),Power (dBm),LO Leakage (dBc),Spectrum Mask (%),EVM (dB),Freq Error (ppm),Sym Clk Error (ppm),Power (dBm),LO Leakage (dBc),Spectrum Mask (%),EVM (dB),Freq Error (ppm),Sym Clk Error (ppm),Power (dBm),LO Leakage (dBc),Spectrum Mask (%),EVM (dB),Freq Error (ppm),Sym Clk Error (ppm),Power (dBm),LO Leakage (dBc),Spectrum Mask (%),EVM (dB),Freq Error (ppm),Sym Clk Error (ppm),Power (dBm),LO Leakage (dBc),Spectrum Mask (%),EVM (dB),Freq Error (ppm),Sym Clk Error (ppm),Power (dBm),LO Leakage (dBc),Spectrum Mask (%),EVM (dB),Freq Error (ppm),Sym Clk Error (ppm),Power (dBm),LO Leakage (dBc),Spectrum Mask (%),EVM (dB),Freq Error (ppm),Sym Clk Error (ppm),Power (dBm),LO Leakage (dBc),Spectrum Mask (%),EVM (dB),Freq Error (ppm),Sym Clk Error (ppm),Power (dBm),LO Leakage (dBc),Spectrum Mask (%),EVM (dB),Freq Error (ppm),Sym Clk Error (ppm),Power (dBm),LO Leakage (dBc),Spectrum Mask (%),EVM (dB),Freq Error (ppm),Sym Clk Error (ppm),Power (dBm),LO Leakage (dBc),Spectrum Mask (%),EVM (dB),Freq Error (ppm),Sym Clk Error (ppm),Power (dBm),LO Leakage (dBc),Spectrum Mask (%),EVM (dB),Freq Error (ppm),Sym Clk Error (ppm),Power (dBm),LO Leakage (dBc),Spectrum Mask (%),EVM (dB),Freq Error (ppm),Sym Clk Error (ppm),Power (dBm),LO Leakage (dBc),Spectrum Mask (%),EVM (dB),Freq Error (ppm),Sym Clk Error (ppm),Power (dBm),LO Leakage (dBc),Spectrum Mask (%),EVM (dB),Freq Error (ppm),Sym Clk Error (ppm),Power (dBm),LO Leakage (dBc),Spectrum Mask (%),EVM (dB),Freq Error (ppm),Sym Clk Error (ppm),Power (dBm),LO Leakage (dBc),Spectrum Mask (%),PER (%),PER (%),PER (%),PER (%),PER (%),PER (%),PER (%),PER (%),PER (%),PER (%),PER (%),PER (%),PER (%),PER (%),PER (%),PER (%),PER (%),PER (%),PER (%),PER (%),PER (%),PER (%),PER (%),PER (%),STATUS,STATUS,STATUS,STATUS
Value,IQ112EA2387,1.0.2 (2024-05-14),46.9854,1.42635,164.455,5.95588,149.034,1.16423,3.4238,8.17813,-0.495798,46.6672,-1.98093,44.8591,100,3.68145,3.82615,9.21949,-0.494111,46.247,-0.994182,45.9231,100,4.48846,44.3962,277.317,279.574,1.29485,1.10994,1.36393,5.92355,247.629,1.11989,0,0,0,OK,1.0.1 (2018-08-15),Qualcomm9377 V1.0.0 (2018-08-15)
,QLIB V6.1.174,QPHONEMS,-18.3848,-1.4372,-2.13982,19.7944,-51.3505,0,-18.4919,-1.58662,-2.938,19.494,-45.2427,0,-18.4886,-1.64009,-0.843713,19.6544,-43.6799,0,-27.2128,-1.63724,0.801971,16.8267,-43.5592,0,-34.3347,-1.63481,0.745762,16.758,-47.2379,0,-35.099,-1.66432,0.614023,17.1027,-49.0425,0,-34.1364,-1.6853,-1.93239,16.6933,-52.5347,0,-34.3826,-1.70151,-0.571414,16.3217,-48.3179,0,-31.3408,-1.72128,-1.1219,16.3166,-49.8096,0,-36.3035,-1.70874,-2.02133,16.0137,-43.942,0,-36.4304,-1.69651,-2.54438,16.0335,-42.392,0,-34.9673,-1.69178,-1.59332,15.9711,-39.3649,0,-34.3954,-1.74799,1.28875,12.2455,-39.9183,0,-30.9328,-1.91617,-4.31634,12.4499,-40.7758,0,-31.5435,-1.94603,-0.787863,12.5244,-35.0664,0,-34.9251,-2.08864,-0.949954,10.9828,-43.6401,0,-37.6154,-2.14319,-2.64183,10.8532,-44.3387,0,-30.5298,-2.18117,-0.492215,11.7671,-35.6051,0,-34.2468,-2.17917,-1.79498,10.9067,-40.9601,0,-36.3505,-2.20295,-2.07082,10.8522,-48.3007,0,-35.1572,-2.22427,-2.52466,11.5344,-40.9443,0,-36.5834,-2.16669,-2.67852,8.1773,-39.7816,0,-38.3302,-2.12749,-2.38591,8.39441,-40.8409,0,-38.1083,-2.13306,-1.54788,8.14435,-41.734,0,0,0,0,0,0,0,0.2,0,0,0,0,0,0,0,0,0,0,0,0.6,0,0,0,0,0.4,OK,OK,OK,OK
Upper_Limit,none,none,75,25,200,10,175,100,20,35,1,75,10,75,100,10,13,25,1,75,10,75,100,10,150,320,320,50,20,20,10,275,10,0.01,0.01,10,none,none,none,none,-10,20,20,21,-15,2,-10,20,20,21,-15,2,-10,20,20,21,-15,2,-25,20,20,18,-15,2,-25,20,20,18,-15,2,-25,20,20,18,-15,2,-28,20,20,18,-17,2,-28,20,20,18,-17,2,-28,20,20,18,-17,2,-28,20,20,18,-17,2,-28,20,20,18,-17,2,-28,20,20,18,-17,2,-25,20,20,15,-15,2,-25,20,20,15,-15,2,-25,20,20,15,-15,2,-28,20,20,13,-17,2,-28,20,20,13,-17,2,-28,20,20,13,-17,2,-28,20,20,13,-17,2,-28,20,20,13,-17,2,-28,20,20,13,-17,2,-32,20,20,11,-17,2,-32,20,20,11,-17,2,-32,20,20,11,-17,2,8,8,8,10,10,10,10,10,10,10,10,10,10,10,10,10,10,10,10,10,10,10,10,10,none,none,none,none
Lower_Limit,none,none,-75,-25,115,0,140,0.8,0,0,-4,-75,-10,-75,99,0,0,0,-4,-75,-10,-75,99,0,-150,185,185,0,0,0,0,225,0.8,0,0,0,none,none,none,none,-80,-20,-20,17,-100,0,-80,-20,-20,17,-100,0,-80,-20,-20,17,-100,0,-80,-20,-20,14,-100,0,-80,-20,-20,14,-100,0,-80,-20,-20,14,-100,0,-80,-20,-20,14,-100,0,-80,-20,-20,14,-100,0,-80,-20,-20,14,-100,0,-80,-20,-20,14,-100,0,-80,-20,-20,14,-100,0,-80,-20,-20,14,-100,0,-80,-20,-20,11,-100,0,-80,-20,-20,11,-100,0,-80,-20,-20,11,-100,0,-80,-20,-20,9,-100,0,-80,-20,-20,9,-100,0,-80,-20,-20,9,-100,0,-80,-20,-20,9,-100,0,-80,-20,-20,9,-100,0,-80,-20,-20,9,-100,0,-80,-20,-20,7,-100,0,-80,-20,-20,7,-100,0,-80,-20,-20,7,-100,0,0,0,0,0,0,0,0,0,0,0,0,0,0,0,0,0,0,0,0,0,0,0,0,0,none,none,none,none
Final Result,Pass
Test Time, 01:14.1

Satrt Time, 2026/01/05 17:19:04
MAC Address, 001F7B6BD210
MAC Address, 001F7B6BD211
Title,ATC_CONNECT_TESTER,ATC_INSERT_DUT,BT_TX_BDR,BT_TX_BDR,BT_TX_BDR,BT_TX_BDR,BT_TX_BDR,BT_TX_BDR,BT_TX_EDR,BT_TX_EDR,BT_TX_EDR,BT_TX_EDR,BT_TX_EDR,BT_TX_EDR,BT_TX_EDR,BT_TX_EDR,BT_TX_EDR,BT_TX_EDR,BT_TX_EDR,BT_TX_EDR,BT_TX_EDR,BT_TX_EDR,BT_TX_EDR,BT_TX_EDR,BT_TX_LE,BT_TX_LE,BT_TX_LE,BT_TX_LE,BT_TX_LE,BT_TX_LE,BT_TX_LE,BT_TX_LE,BT_TX_LE,BT_RX_BER,BT_RX_BER,BT_RX_LE,ATC_REMOVE_DUT,ATC_INSERT_DUT,ATC_INITIALIZE_DUT,ATC_INITIALIZE_DUT,WIFI_11AC_TX_VERIFY_ALL,WIFI_11AC_TX_VERIFY_ALL,WIFI_11AC_TX_VERIFY_ALL,WIFI_11AC_TX_VERIFY_ALL,WIFI_11AC_TX_VERIFY_ALL,WIFI_11AC_TX_VERIFY_ALL,WIFI_11AC_TX_VERIFY_ALL,WIFI_11AC_TX_VERIFY_ALL,WIFI_11AC_TX_VERIFY_ALL,WIFI_11AC_TX_VERIFY_ALL,WIFI_11AC_TX_VERIFY_ALL,WIFI_11AC_TX_VERIFY_ALL,WIFI_11AC_TX_VERIFY_ALL,WIFI_11AC_TX_VERIFY_ALL,WIFI_11AC_TX_VERIFY_ALL,WIFI_11AC_TX_VERIFY_ALL,WIFI_11AC_TX_VERIFY_ALL,WIFI_11AC_TX_VERIFY_ALL,WIFI_11AC_TX_VERIFY_ALL,WIFI_11AC_TX_VERIFY_ALL,WIFI_11AC_TX_VERIFY_ALL,WIFI_11AC_TX_VERIFY_ALL,WIFI_11AC_TX_VERIFY_ALL,WIFI_11AC_TX_VERIFY_ALL,WIFI_11AC_TX_VERIFY_ALL,WIFI_11AC_TX_VERIFY_ALL,WIFI_11AC_TX_VERIFY_ALL,WIFI_11AC_TX_VERIFY_ALL,WIFI_11AC_TX_VERIFY_ALL,WIFI_11AC_TX_VERIFY_ALL,WIFI_11AC_TX_VERIFY_ALL,WIFI_11AC_TX_VERIFY_ALL,WIFI_11AC_TX_VERIFY_ALL,WIFI_11AC_TX_VERIFY_ALL,WIFI_11AC_TX_VERIFY_ALL,WIFI_11AC_TX_VERIFY_ALL,WIFI_11AC_TX_VERIFY_ALL,WIFI_11AC_TX_VERIFY_ALL,WIFI_11AC_TX_VERIFY_ALL,WIFI_11AC_TX_VERIFY_ALL,WIFI_11AC_TX_VERIFY_ALL,WIFI_11AC_TX_VERIFY_ALL,WIFI_11AC_TX_VERIFY_ALL,WIFI_11AC_TX_VERIFY_ALL,WIFI_11AC_TX_VERIFY_ALL,WIFI_11AC_TX_VERIFY_ALL,WIFI_11AC_TX_VERIFY_ALL,WIFI_11AC_TX_VERIFY_ALL,WIFI_11AC_TX_VERIFY_ALL,WIFI_11AC_TX_VERIFY_ALL,WIFI_11AC_TX_VERIFY_ALL,WIFI_11AC_TX_VERIFY_ALL,WIFI_11AC_TX_VERIFY_ALL,WIFI_11AC_TX_VERIFY_ALL,WIFI_11AC_TX_VERIFY_ALL,WIFI_11AC_TX_VERIFY_ALL,WIFI_11AC_TX_VERIFY_ALL,WIFI_11AC_TX_VERIFY_ALL,WIFI_11AC_TX_VERIFY_ALL,WIFI_11AC_TX_VERIFY_ALL,WIFI_11AC_TX_VERIFY_ALL,WIFI_11AC_TX_VERIFY_ALL,WIFI_11AC_TX_VERIFY_ALL,WIFI_11AC_TX_VERIFY_ALL,WIFI_11AC_TX_VERIFY_ALL,WIFI_11AC_TX_VERIFY_ALL,WIFI_11AC_TX_VERIFY_ALL,WIFI_11AC_TX_VERIFY_ALL,WIFI_11AC_TX_VERIFY_ALL,WIFI_11AC_TX_VERIFY_ALL,WIFI_11AC_TX_VERIFY_ALL,WIFI_11AC_TX_VERIFY_ALL,WIFI_11AC_TX_VERIFY_ALL,WIFI_11AC_TX_VERIFY_ALL,WIFI_11AC_TX_VERIFY_ALL,WIFI_11AC_TX_VERIFY_ALL,WIFI_11AC_TX_VERIFY_ALL,WIFI_11AC_TX_VERIFY_ALL,WIFI_11AC_TX_VERIFY_ALL,WIFI_11AC_TX_VERIFY_ALL,WIFI_11AC_TX_VERIFY_ALL,WIFI_11AC_TX_VERIFY_ALL,WIFI_11AC_TX_VERIFY_ALL,WIFI_11AC_TX_VERIFY_ALL,WIFI_11AC_TX_VERIFY_ALL,WIFI_11AC_TX_VERIFY_ALL,WIFI_11AC_TX_VERIFY_ALL,WIFI_11AC_TX_VERIFY_ALL,WIFI_11AC_TX_VERIFY_ALL,WIFI_11AC_TX_VERIFY_ALL,WIFI_11AC_TX_VERIFY_ALL,WIFI_11AC_TX_VERIFY_ALL,WIFI_11AC_TX_VERIFY_ALL,WIFI_11AC_TX_VERIFY_ALL,WIFI_11AC_TX_VERIFY_ALL,WIFI_11AC_TX_VERIFY_ALL,WIFI_11AC_TX_VERIFY_ALL,WIFI_11AC_TX_VERIFY_ALL,WIFI_11AC_TX_VERIFY_ALL,WIFI_11AC_TX_VERIFY_ALL,WIFI_11AC_TX_VERIFY_ALL,WIFI_11AC_TX_VERIFY_ALL,WIFI_11AC_TX_VERIFY_ALL,WIFI_11AC_TX_VERIFY_ALL,WIFI_11AC_TX_VERIFY_ALL,WIFI_11AC_TX_VERIFY_ALL,WIFI_11AC_TX_VERIFY_ALL,WIFI_11AC_TX_VERIFY_ALL,WIFI_11AC_TX_VERIFY_ALL,WIFI_11AC_TX_VERIFY_ALL,WIFI_11AC_TX_VERIFY_ALL,WIFI_11AC_TX_VERIFY_ALL,WIFI_11AC_TX_VERIFY_ALL,WIFI_11AC_TX_VERIFY_ALL,WIFI_11AC_TX_VERIFY_ALL,WIFI_11AC_TX_VERIFY_ALL,WIFI_11AC_TX_VERIFY_ALL,WIFI_11AC_TX_VERIFY_ALL,WIFI_11AC_TX_VERIFY_ALL,WIFI_11AC_TX_VERIFY_ALL,WIFI_11AC_TX_VERIFY_ALL,WIFI_11AC_TX_VERIFY_ALL,WIFI_11AC_TX_VERIFY_ALL,WIFI_11AC_TX_VERIFY_ALL,WIFI_11AC_TX_VERIFY_ALL,WIFI_11AC_TX_VERIFY_ALL,WIFI_11AC_TX_VERIFY_ALL,WIFI_11AC_TX_VERIFY_ALL,WIFI_11AC_TX_VERIFY_ALL,WIFI_11AC_TX_VERIFY_ALL,WIFI_11AC_TX_VERIFY_ALL,WIFI_11AC_TX_VERIFY_ALL,WIFI_11AC_TX_VERIFY_ALL,WIFI_11AC_TX_VERIFY_ALL,WIFI_11AC_TX_VERIFY_ALL,WIFI_11AC_TX_VERIFY_ALL,WIFI_11AC_TX_VERIFY_ALL,WIFI_11AC_TX_VERIFY_ALL,WIFI_11AC_TX_VERIFY_ALL,WIFI_11AC_TX_VERIFY_ALL,WIFI_11AC_TX_VERIFY_ALL,WIFI_11AC_TX_VERIFY_ALL,WIFI_11AC_TX_VERIFY_ALL,WIFI_11AC_TX_VERIFY_ALL,WIFI_11AC_RX_VERIFY_PER,WIFI_11AC_RX_VERIFY_PER,WIFI_11AC_RX_VERIFY_PER,WIFI_11AC_RX_VERIFY_PER,WIFI_11AC_RX_VERIFY_PER,WIFI_11AC_RX_VERIFY_PER,WIFI_11AC_RX_VERIFY_PER,WIFI_11AC_RX_VERIFY_PER,WIFI_11AC_RX_VERIFY_PER,WIFI_11AC_RX_VERIFY_PER,WIFI_11AC_RX_VERIFY_PER,WIFI_11AC_RX_VERIFY_PER,WIFI_11AC_RX_VERIFY_PER,WIFI_11AC_RX_VERIFY_PER,WIFI_11AC_RX_VERIFY_PER,WIFI_11AC_RX_VERIFY_PER,WIFI_11AC_RX_VERIFY_PER,WIFI_11AC_RX_VERIFY_PER,WIFI_11AC_RX_VERIFY_PER,WIFI_11AC_RX_VERIFY_PER,WIFI_11AC_RX_VERIFY_PER,WIFI_11AC_RX_VERIFY_PER,WIFI_11AC_RX_VERIFY_PER,WIFI_11AC_RX_VERIFY_PER,ATC_WRITE_MAC_ADDRESS,ATC_WRITE_MAC_ADDRESS,ATC_WRITE_EEPROM,ATC_REMOVE_DUT
Condition,RIGHT 192.168.100.254 ,BT QCA_9377.dll Setup\dutSetup_QCA9377.txt NULL ,,,,,,,,,,,,,,,,,,,,,,,,,,,,,,,,,,,BT ,WIFI QCA_9377.dll Setup\dutSetup_QCA9377.txt  ,,,2412 MHz CCK-11 BW-20 ANT_1 19 dBm ,2412 MHz CCK-11 BW-20 ANT_1 19 dBm ,2412 MHz CCK-11 BW-20 ANT_1 19 dBm ,2412 MHz CCK-11 BW-20 ANT_1 19 dBm ,2412 MHz CCK-11 BW-20 ANT_1 19 dBm ,2412 MHz CCK-11 BW-20 ANT_1 19 dBm ,2442 MHz CCK-11 BW-20 ANT_1 19 dBm ,2442 MHz CCK-11 BW-20 ANT_1 19 dBm ,2442 MHz CCK-11 BW-20 ANT_1 19 dBm ,2442 MHz CCK-11 BW-20 ANT_1 19 dBm ,2442 MHz CCK-11 BW-20 ANT_1 19 dBm ,2442 MHz CCK-11 BW-20 ANT_1 19 dBm ,2467 MHz CCK-11 BW-20 ANT_1 19 dBm ,2467 MHz CCK-11 BW-20 ANT_1 19 dBm ,2467 MHz CCK-11 BW-20 ANT_1 19 dBm ,2467 MHz CCK-11 BW-20 ANT_1 19 dBm ,2467 MHz CCK-11 BW-20 ANT_1 19 dBm ,2467 MHz CCK-11 BW-20 ANT_1 19 dBm ,2412 MHz OFDM-54 BW-20 ANT_1 16 dBm ,2412 MHz OFDM-54 BW-20 ANT_1 16 dBm ,2412 MHz OFDM-54 BW-20 ANT_1 16 dBm ,2412 MHz OFDM-54 BW-20 ANT_1 16 dBm ,2412 MHz OFDM-54 BW-20 ANT_1 16 dBm ,2412 MHz OFDM-54 BW-20 ANT_1 16 dBm ,2442 MHz OFDM-54 BW-20 ANT_1 16 dBm ,2442 MHz OFDM-54 BW-20 ANT_1 16 dBm ,2442 MHz OFDM-54 BW-20 ANT_1 16 dBm ,2442 MHz OFDM-54 BW-20 ANT_1 16 dBm ,2442 MHz OFDM-54 BW-20 ANT_1 16 dBm ,2442 MHz OFDM-54 BW-20 ANT_1 16 dBm ,2467 MHz OFDM-54 BW-20 ANT_1 16 dBm ,2467 MHz OFDM-54 BW-20 ANT_1 16 dBm ,2467 MHz OFDM-54 BW-20 ANT_1 16 dBm ,2467 MHz OFDM-54 BW-20 ANT_1 16 dBm ,2467 MHz OFDM-54 BW-20 ANT_1 16 dBm ,2467 MHz OFDM-54 BW-20 ANT_1 16 dBm ,2412 MHz MCS7 BW-20 ANT_1 16 dBm ,2412 MHz MCS7 BW-20 ANT_1 16 dBm ,2412 MHz MCS7 BW-20 ANT_1 16 dBm ,2412 MHz MCS7 BW-20 ANT_1 16 dBm ,2412 MHz MCS7 BW-20 ANT_1 16 dBm ,2412 MHz MCS7 BW-20 ANT_1 16 dBm ,2442 MHz MCS7 BW-20 ANT_1 16 dBm ,2442 MHz MCS7 BW-20 ANT_1 16 dBm ,2442 MHz MCS7 BW-20 ANT_1 16 dBm ,2442 MHz MCS7 BW-20 ANT_1 16 dBm ,2442 MHz MCS7 BW-20 ANT_1 16 dBm ,2442 MHz MCS7 BW-20 ANT_1 16 dBm ,2467 MHz MCS7 BW-20 ANT_1 16 dBm ,2467 MHz MCS7 BW-20 ANT_1 16 dBm ,2467 MHz MCS7 BW-20 ANT_1 16 dBm ,2467 MHz MCS7 BW-20 ANT_1 16 dBm ,2467 MHz MCS7 BW-20 ANT_1 16 dBm ,2467 MHz MCS7 BW-20 ANT_1 16 dBm ,2422 MHz MCS7 BW-40 ANT_1 16 dBm ,2422 MHz MCS7 BW-40 ANT_1 16 dBm ,2422 MHz MCS7 BW-40 ANT_1 16 dBm ,2422 MHz MCS7 BW-40 ANT_1 16 dBm ,2422 MHz MCS7 BW-40 ANT_1 16 dBm ,2422 MHz MCS7 BW-40 ANT_1 16 dBm ,2442 MHz MCS7 BW-40 ANT_1 16 dBm ,2442 MHz MCS7 BW-40 ANT_1 16 dBm ,2442 MHz MCS7 BW-40 ANT_1 16 dBm ,2442 MHz MCS7 BW-40 ANT_1 16 dBm ,2442 MHz MCS7 BW-40 ANT_1 16 dBm ,2442 MHz MCS7 BW-40 ANT_1 16 dBm ,2467 MHz MCS7 BW-40 ANT_1 16 dBm ,2467 MHz MCS7 BW-40 ANT_1 16 dBm ,2467 MHz MCS7 BW-40 ANT_1 16 dBm ,2467 MHz MCS7 BW-40 ANT_1 16 dBm ,2467 MHz MCS7 BW-40 ANT_1 16 dBm ,2467 MHz MCS7 BW-40 ANT_1 16 dBm ,5180 MHz OFDM-54 BW-20 ANT_1 13 dBm ,5180 MHz OFDM-54 BW-20 ANT_1 13 dBm ,5180 MHz OFDM-54 BW-20 ANT_1 13 dBm ,5180 MHz OFDM-54 BW-20 ANT_1 13 dBm ,5180 MHz OFDM-54 BW-20 ANT_1 13 dBm ,5180 MHz OFDM-54 BW-20 ANT_1 13 dBm ,5500 MHz OFDM-54 BW-20 ANT_1 13 dBm ,5500 MHz OFDM-54 BW-20 ANT_1 13 dBm ,5500 MHz OFDM-54 BW-20 ANT_1 13 dBm ,5500 MHz OFDM-54 BW-20 ANT_1 13 dBm ,5500 MHz OFDM-54 BW-20 ANT_1 13 dBm ,5500 MHz OFDM-54 BW-20 ANT_1 13 dBm ,5765 MHz OFDM-54 BW-20 ANT_1 13 dBm ,5765 MHz OFDM-54 BW-20 ANT_1 13 dBm ,5765 MHz OFDM-54 BW-20 ANT_1 13 dBm ,5765 MHz OFDM-54 BW-20 ANT_1 13 dBm ,5765 MHz OFDM-54 BW-20 ANT_1 13 dBm ,5765 MHz OFDM-54 BW-20 ANT_1 13 dBm ,5180 MHz MCS7 BW-20 ANT_1 11 dBm ,5180 MHz MCS7 BW-20 ANT_1 11 dBm ,5180 MHz MCS7 BW-20 ANT_1 11 dBm ,5180 MHz MCS7 BW-20 ANT_1 11 dBm ,5180 MHz MCS7 BW-20 ANT_1 11 dBm ,5180 MHz MCS7 BW-20 ANT_1 11 dBm ,5500 MHz MCS7 BW-20 ANT_1 11 dBm ,5500 MHz MCS7 BW-20 ANT_1 11 dBm ,5500 MHz MCS7 BW-20 ANT_1 11 dBm ,5500 MHz MCS7 BW-20 ANT_1 11 dBm ,5500 MHz MCS7 BW-20 ANT_1 11 dBm ,5500 MHz MCS7 BW-20 ANT_1 11 dBm ,5765 MHz MCS7 BW-20 ANT_1 11 dBm ,5765 MHz MCS7 BW-20 ANT_1 11 dBm ,5765 MHz MCS7 BW-20 ANT_1 11 dBm ,5765 MHz MCS7 BW-20 ANT_1 11 dBm ,5765 MHz MCS7 BW-20 ANT_1 11 dBm ,5765 MHz MCS7 BW-20 ANT_1 11 dBm ,5190 MHz MCS7 BW-40 ANT_1 11 dBm ,5190 MHz MCS7 BW-40 ANT_1 11 dBm ,5190 MHz MCS7 BW-40 ANT_1 11 dBm ,5190 MHz MCS7 BW-40 ANT_1 11 dBm ,5190 MHz MCS7 BW-40 ANT_1 11 dBm ,5190 MHz MCS7 BW-40 ANT_1 11 dBm ,5510 MHz MCS7 BW-40 ANT_1 11 dBm ,5510 MHz MCS7 BW-40 ANT_1 11 dBm ,5510 MHz MCS7 BW-40 ANT_1 11 dBm ,5510 MHz MCS7 BW-40 ANT_1 11 dBm ,5510 MHz MCS7 BW-40 ANT_1 11 dBm ,5510 MHz MCS7 BW-40 ANT_1 11 dBm ,5755 MHz MCS7 BW-40 ANT_1 11 dBm ,5755 MHz MCS7 BW-40 ANT_1 11 dBm ,5755 MHz MCS7 BW-40 ANT_1 11 dBm ,5755 MHz MCS7 BW-40 ANT_1 11 dBm ,5755 MHz MCS7 BW-40 ANT_1 11 dBm ,5755 MHz MCS7 BW-40 ANT_1 11 dBm ,5210 MHz MCS9 BW-80 ANT_1 9 dBm ,5210 MHz MCS9 BW-80 ANT_1 9 dBm ,5210 MHz MCS9 BW-80 ANT_1 9 dBm ,5210 MHz MCS9 BW-80 ANT_1 9 dBm ,5210 MHz MCS9 BW-80 ANT_1 9 dBm ,5210 MHz MCS9 BW-80 ANT_1 9 dBm ,5530 MHz MCS9 BW-80 ANT_1 9 dBm ,5530 MHz MCS9 BW-80 ANT_1 9 dBm ,5530 MHz MCS9 BW-80 ANT_1 9 dBm ,5530 MHz MCS9 BW-80 ANT_1 9 dBm ,5530 MHz MCS9 BW-80 ANT_1 9 dBm ,5530 MHz MCS9 BW-80 ANT_1 9 dBm ,5775 MHz MCS9 BW-80 ANT_1 9 dBm ,5775 MHz MCS9 BW-80 ANT_1 9 dBm ,5775 MHz MCS9 BW-80 ANT_1 9 dBm ,5775 MHz MCS9 BW-80 ANT_1 9 dBm ,5775 MHz MCS9 BW-80 ANT_1 9 dBm ,5775 MHz MCS9 BW-80 ANT_1 9 dBm ,2412 MHz CCK-11 BW-20 ANT_1 -84 dBm ,2442 MHz CCK-11 BW-20 ANT_1 -84 dBm ,2467 MHz CCK-11 BW-20 ANT_1 -84 dBm ,2412 MHz OFDM-54 BW-20 ANT_1 -67 dBm ,2442 MHz OFDM-54 BW-20 ANT_1 -67 dBm ,2467 MHz OFDM-54 BW-20 ANT_1 -67 dBm ,2412 MHz MCS7 BW-20 ANT_1 -63.5 dBm ,2442 MHz MCS7 BW-20 ANT_1 -63.5 dBm ,2467 MHz MCS7 BW-20 ANT_1 -63.5 dBm ,2422 MHz MCS7 BW-40 ANT_1 -62.5 dBm ,2442 MHz MCS7 BW-40 ANT_1 -62.5 dBm ,2467 MHz MCS7 BW-40 ANT_1 -62.5 dBm ,5180 MHz OFDM-54 BW-20 ANT_1 -67 dBm ,5500 MHz OFDM-54 BW-20 ANT_1 -67 dBm ,5765 MHz OFDM-54 BW-20 ANT_1 -67 dBm ,5180 MHz MCS7 BW-20 ANT_1 -63.5 dBm ,5500 MHz MCS7 BW-20 ANT_1 -63.5 dBm ,5765 MHz MCS7 BW-20 ANT_1 -63.5 dBm ,5190 MHz MCS7 BW-40 ANT_1 -62.5 dBm ,5510 MHz MCS7 BW-40 ANT_1 -62.5 dBm ,5755 MHz MCS7 BW-40 ANT_1 -62.5 dBm ,5210 MHz MCS9 BW-80 ANT_1 -51 dBm ,5530 MHz MCS9 BW-80 ANT_1 -51 dBm ,5775 MHz MCS9 BW-80 ANT_1 -51 dBm ,,,NONE ,WIFI_11AC 
Name,Serial Number,DUT_VERSION,Ini Freq Error (KHz),Freq Drift (KHz),Delta F2 Max (KHz),Power (dBm),Freq Delta F1 Avg (KHz),DELTA_F2_F1_AV_RATIO (),DEVM Avg (%),DEVM Peakg (%),Power Diff (dB),Edr Omega I (KHz),Edr Omega 0 (KHz),Edr Omega I0 (KHz),DEVM 99PCT (%),Power (dBm),DEVM Avg (%),DEVM Peakg (%),Power Diff (dB),Edr Omega I (KHz),Edr Omega 0 (KHz),Edr Omega I0 (KHz),DEVM 99PCT (%),Power (dBm),Ini Freq Error (KHz),Delta F2 Avg (KHz),Delta F2 Max (KHz),Delta F0 Fn Max (KHz),Delta F1 F0 (KHz),Delta Fn Fn5 Max (KHz),Power (dBm),Delta F1 Avg (KHz),Ratio of F2 To F1 (),BER (%),BER (%),PER (%),STATUS,DUT_VERSION,DUT_NAME,DUT_DRIVER_INFO,EVM (dB),Freq Error (ppm),Sym Clk Error (ppm),Power (dBm),LO Leakage (dBc),Spectrum Mask (%),EVM (dB),Freq Error (ppm),Sym Clk Error (ppm),Power (dBm),LO Leakage (dBc),Spectrum Mask (%),EVM (dB),Freq Error (ppm),Sym Clk Error (ppm),Power (dBm),LO Leakage (dBc),Spectrum Mask (%),EVM (dB),Freq Error (ppm),Sym Clk Error (ppm),Power (dBm),LO Leakage (dBc),Spectrum Mask (%),EVM (dB),Freq Error (ppm),Sym Clk Error (ppm),Power (dBm),LO Leakage (dBc),Spectrum Mask (%),EVM (dB),Freq Error (ppm),Sym Clk Error (ppm),Power (dBm),LO Leakage (dBc),Spectrum Mask (%),EVM (dB),Freq Error (ppm),Sym Clk Error (ppm),Power (dBm),LO Leakage (dBc),Spectrum Mask (%),EVM (dB),Freq Error (ppm),Sym Clk Error (ppm),Power (dBm),LO Leakage (dBc),Spectrum Mask (%),EVM (dB),Freq Error (ppm),Sym Clk Error (ppm),Power (dBm),LO Leakage (dBc),Spectrum Mask (%),EVM (dB),Freq Error (ppm),Sym Clk Error (ppm),Power (dBm),LO Leakage (dBc),Spectrum Mask (%),EVM (dB),Freq Error (ppm),Sym Clk Error (ppm),Power (dBm),LO Leakage (dBc),Spectrum Mask (%),EVM (dB),Freq Error (ppm),Sym Clk Error (ppm),Power (dBm),LO Leakage (dBc),Spectrum Mask (%),EVM (dB),Freq Error (ppm),Sym Clk Error (ppm),Power (dBm),LO Leakage (dBc),Spectrum Mask (%),EVM (dB),Freq Error (ppm),Sym Clk Error (ppm),Power (dBm),LO Leakage (dBc),Spectrum Mask (%),EVM (dB),Freq Error (ppm),Sym Clk Error (ppm),Power (dBm),LO Leakage (dBc),Spectrum Mask (%),EVM (dB),Freq Error (ppm),Sym Clk Error (ppm),Power (dBm),LO Leakage (dBc),Spectrum Mask (%),EVM (dB),Freq Error (ppm),Sym Clk Error (ppm),Power (dBm),LO Leakage (dBc),Spectrum Mask (%),EVM (dB),Freq Error (ppm),Sym Clk Error (ppm),Power (dBm),LO Leakage (dBc),Spectrum Mask (%),EVM (dB),Freq Error (ppm),Sym Clk Error (ppm),Power (dBm),LO Leakage (dBc),Spectrum Mask (%),EVM (dB),Freq Error (ppm),Sym Clk Error (ppm),Power (dBm),LO Leakage (dBc),Spectrum Mask (%),EVM (dB),Freq Error (ppm),Sym Clk Error (ppm),Power (dBm),LO Leakage (dBc),Spectrum Mask (%),EVM (dB),Freq Error (ppm),Sym Clk Error (ppm),Power (dBm),LO Leakage (dBc),Spectrum Mask (%),EVM (dB),Freq Error (ppm),Sym Clk Error (ppm),Power (dBm),LO Leakage (dBc),Spectrum Mask (%),EVM (dB),Freq Error (ppm),Sym Clk Error (ppm),Power (dBm),LO Leakage (dBc),Spectrum Mask (%),PER (%),PER (%),PER (%),PER (%),PER (%),PER (%),PER (%),PER (%),PER (%),PER (%),PER (%),PER (%),PER (%),PER (%),PER (%),PER (%),PER (%),PER (%),PER (%),PER (%),PER (%),PER (%),PER (%),PER (%),STATUS,STATUS,STATUS,STATUS
Value,IQ112EA2387,1.0.2 (2024-05-14),28.3964,1.91069,167.188,5.46194,148.676,1.17085,3.88293,8.9743,-0.479028,29.1636,0.736488,29.9001,100,3.12023,4.20036,9.36621,-0.485293,29.6858,0.75582,30.4416,100,3.92268,29.4933,274.71,276.876,1.40528,0.665036,1.30515,5.49521,248.248,1.1066,0,0,0,OK,1.0.1 (2018-08-15),Qualcomm9377 V1.0.0 (2018-08-15)
,QLIB V6.1.174,QPHONEMS,-18.1935,-1.75338,-2.05759,19.7933,-71.2193,0,-18.3689,-1.81542,-3.33168,19.6505,-53.7278,0,-18.4293,-1.83318,-0.12193,19.7261,-46.969,0,-33.7047,-1.8511,-2.52669,16.9024,-51.4223,0,-34.1704,-1.85216,0.0485164,17.0333,-52.5093,0,-30.0989,-1.83766,2.06373,16.8396,-46.9868,0,-34.8604,-1.86207,-2.20168,16.3697,-44.886,0,-33.7738,-1.882,-0.703184,16.5539,-48.031,0,-35.71,-1.88032,-1.96599,16.6455,-50.4605,0,-35.2052,-1.8592,-1.91366,16.0578,-52.4152,0,-36.2546,-1.85499,-2.18541,16.0357,-50.3042,0,-36.1592,-1.84063,-2.82848,15.8904,-52.8441,0,-32.7544,-1.95166,-3.16426,11.8966,-39.4739,0,-33.8191,-2.1056,1.79982,12.4126,-40.0037,0,-30.4254,-2.18806,-1.26407,12.6078,-38.297,0,-34.0876,-2.33661,-1.62126,10.9205,-42.7806,0,-37.4648,-2.39267,-2.45304,10.9449,-48.2953,0,-35.7821,-2.43153,-2.95926,11.022,-42.7711,0,-33.9817,-2.43294,-2.3479,10.8367,-40.5426,0,-35.8239,-2.46006,-1.43611,11.3505,-41.7344,0,-36.7342,-2.46061,-2.85379,10.9523,-45.5198,0,-37.8955,-2.36852,-3.64693,7.92223,-39.7997,0,-38.3672,-2.35331,-1.93363,8.2876,-42.6332,0,-38.138,-2.37232,-2.69728,8.08056,-45.9298,0,0,0,0,0,0,0,0,0,0,0,0,0,0,0,0,0,0,0,0,0,0,0,0,0,OK,OK,OK,OK
Upper_Limit,none,none,75,25,200,10,175,100,20,35,1,75,10,75,100,10,13,25,1,75,10,75,100,10,150,320,320,50,20,20,10,275,10,0.01,0.01,10,none,none,none,none,-10,20,20,21,-15,2,-10,20,20,21,-15,2,-10,20,20,21,-15,2,-25,20,20,18,-15,2,-25,20,20,18,-15,2,-25,20,20,18,-15,2,-28,20,20,18,-17,2,-28,20,20,18,-17,2,-28,20,20,18,-17,2,-28,20,20,18,-17,2,-28,20,20,18,-17,2,-28,20,20,18,-17,2,-25,20,20,15,-15,2,-25,20,20,15,-15,2,-25,20,20,15,-15,2,-28,20,20,13,-17,2,-28,20,20,13,-17,2,-28,20,20,13,-17,2,-28,20,20,13,-17,2,-28,20,20,13,-17,2,-28,20,20,13,-17,2,-32,20,20,11,-17,2,-32,20,20,11,-17,2,-32,20,20,11,-17,2,8,8,8,10,10,10,10,10,10,10,10,10,10,10,10,10,10,10,10,10,10,10,10,10,none,none,none,none
Lower_Limit,none,none,-75,-25,115,0,140,0.8,0,0,-4,-75,-10,-75,99,0,0,0,-4,-75,-10,-75,99,0,-150,185,185,0,0,0,0,225,0.8,0,0,0,none,none,none,none,-80,-20,-20,17,-100,0,-80,-20,-20,17,-100,0,-80,-20,-20,17,-100,0,-80,-20,-20,14,-100,0,-80,-20,-20,14,-100,0,-80,-20,-20,14,-100,0,-80,-20,-20,14,-100,0,-80,-20,-20,14,-100,0,-80,-20,-20,14,-100,0,-80,-20,-20,14,-100,0,-80,-20,-20,14,-100,0,-80,-20,-20,14,-100,0,-80,-20,-20,11,-100,0,-80,-20,-20,11,-100,0,-80,-20,-20,11,-100,0,-80,-20,-20,9,-100,0,-80,-20,-20,9,-100,0,-80,-20,-20,9,-100,0,-80,-20,-20,9,-100,0,-80,-20,-20,9,-100,0,-80,-20,-20,9,-100,0,-80,-20,-20,7,-100,0,-80,-20,-20,7,-100,0,-80,-20,-20,7,-100,0,0,0,0,0,0,0,0,0,0,0,0,0,0,0,0,0,0,0,0,0,0,0,0,0,none,none,none,none
Final Result,Pass
Test Time, 01:14.9

Satrt Time, 2026/01/05 17:20:43
MAC Address, 001F7B6BD214
MAC Address, 001F7B6BD215
Title,ATC_CONNECT_TESTER,ATC_INSERT_DUT,BT_TX_BDR,BT_TX_BDR,BT_TX_BDR,BT_TX_BDR,BT_TX_BDR,BT_TX_BDR,BT_TX_EDR,BT_TX_EDR,BT_TX_EDR,BT_TX_EDR,BT_TX_EDR,BT_TX_EDR,BT_TX_EDR,BT_TX_EDR,BT_TX_EDR,BT_TX_EDR,BT_TX_EDR,BT_TX_EDR,BT_TX_EDR,BT_TX_EDR,BT_TX_EDR,BT_TX_EDR,BT_TX_LE,BT_TX_LE,BT_TX_LE,BT_TX_LE,BT_TX_LE,BT_TX_LE,BT_TX_LE,BT_TX_LE,BT_TX_LE,BT_RX_BER,BT_RX_BER,BT_RX_LE,ATC_REMOVE_DUT,ATC_INSERT_DUT,ATC_INITIALIZE_DUT,ATC_INITIALIZE_DUT,WIFI_11AC_TX_VERIFY_ALL,WIFI_11AC_TX_VERIFY_ALL,WIFI_11AC_TX_VERIFY_ALL,WIFI_11AC_TX_VERIFY_ALL,WIFI_11AC_TX_VERIFY_ALL,WIFI_11AC_TX_VERIFY_ALL,WIFI_11AC_TX_VERIFY_ALL,WIFI_11AC_TX_VERIFY_ALL,WIFI_11AC_TX_VERIFY_ALL,WIFI_11AC_TX_VERIFY_ALL,WIFI_11AC_TX_VERIFY_ALL,WIFI_11AC_TX_VERIFY_ALL,WIFI_11AC_TX_VERIFY_ALL,WIFI_11AC_TX_VERIFY_ALL,WIFI_11AC_TX_VERIFY_ALL,WIFI_11AC_TX_VERIFY_ALL,WIFI_11AC_TX_VERIFY_ALL,WIFI_11AC_TX_VERIFY_ALL,WIFI_11AC_TX_VERIFY_ALL,WIFI_11AC_TX_VERIFY_ALL,WIFI_11AC_TX_VERIFY_ALL,WIFI_11AC_TX_VERIFY_ALL,WIFI_11AC_TX_VERIFY_ALL,WIFI_11AC_TX_VERIFY_ALL,WIFI_11AC_TX_VERIFY_ALL,WIFI_11AC_TX_VERIFY_ALL,WIFI_11AC_TX_VERIFY_ALL,WIFI_11AC_TX_VERIFY_ALL,WIFI_11AC_TX_VERIFY_ALL,WIFI_11AC_TX_VERIFY_ALL,WIFI_11AC_TX_VERIFY_ALL,WIFI_11AC_TX_VERIFY_ALL,WIFI_11AC_TX_VERIFY_ALL,WIFI_11AC_TX_VERIFY_ALL,WIFI_11AC_TX_VERIFY_ALL,WIFI_11AC_TX_VERIFY_ALL,WIFI_11AC_TX_VERIFY_ALL,WIFI_11AC_TX_VERIFY_ALL,WIFI_11AC_TX_VERIFY_ALL,WIFI_11AC_TX_VERIFY_ALL,WIFI_11AC_TX_VERIFY_ALL,WIFI_11AC_TX_VERIFY_ALL,WIFI_11AC_TX_VERIFY_ALL,WIFI_11AC_TX_VERIFY_ALL,WIFI_11AC_TX_VERIFY_ALL,WIFI_11AC_TX_VERIFY_ALL,WIFI_11AC_TX_VERIFY_ALL,WIFI_11AC_TX_VERIFY_ALL,WIFI_11AC_TX_VERIFY_ALL,WIFI_11AC_TX_VERIFY_ALL,WIFI_11AC_TX_VERIFY_ALL,WIFI_11AC_TX_VERIFY_ALL,WIFI_11AC_TX_VERIFY_ALL,WIFI_11AC_TX_VERIFY_ALL,WIFI_11AC_TX_VERIFY_ALL,WIFI_11AC_TX_VERIFY_ALL,WIFI_11AC_TX_VERIFY_ALL,WIFI_11AC_TX_VERIFY_ALL,WIFI_11AC_TX_VERIFY_ALL,WIFI_11AC_TX_VERIFY_ALL,WIFI_11AC_TX_VERIFY_ALL,WIFI_11AC_TX_VERIFY_ALL,WIFI_11AC_TX_VERIFY_ALL,WIFI_11AC_TX_VERIFY_ALL,WIFI_11AC_TX_VERIFY_ALL,WIFI_11AC_TX_VERIFY_ALL,WIFI_11AC_TX_VERIFY_ALL,WIFI_11AC_TX_VERIFY_ALL,WIFI_11AC_TX_VERIFY_ALL,WIFI_11AC_TX_VERIFY_ALL,WIFI_11AC_TX_VERIFY_ALL,WIFI_11AC_TX_VERIFY_ALL,WIFI_11AC_TX_VERIFY_ALL,WIFI_11AC_TX_VERIFY_ALL,WIFI_11AC_TX_VERIFY_ALL,WIFI_11AC_TX_VERIFY_ALL,WIFI_11AC_TX_VERIFY_ALL,WIFI_11AC_TX_VERIFY_ALL,WIFI_11AC_TX_VERIFY_ALL,WIFI_11AC_TX_VERIFY_ALL,WIFI_11AC_TX_VERIFY_ALL,WIFI_11AC_TX_VERIFY_ALL,WIFI_11AC_TX_VERIFY_ALL,WIFI_11AC_TX_VERIFY_ALL,WIFI_11AC_TX_VERIFY_ALL,WIFI_11AC_TX_VERIFY_ALL,WIFI_11AC_TX_VERIFY_ALL,WIFI_11AC_TX_VERIFY_ALL,WIFI_11AC_TX_VERIFY_ALL,WIFI_11AC_TX_VERIFY_ALL,WIFI_11AC_TX_VERIFY_ALL,WIFI_11AC_TX_VERIFY_ALL,WIFI_11AC_TX_VERIFY_ALL,WIFI_11AC_TX_VERIFY_ALL,WIFI_11AC_TX_VERIFY_ALL,WIFI_11AC_TX_VERIFY_ALL,WIFI_11AC_TX_VERIFY_ALL,WIFI_11AC_TX_VERIFY_ALL,WIFI_11AC_TX_VERIFY_ALL,WIFI_11AC_TX_VERIFY_ALL,WIFI_11AC_TX_VERIFY_ALL,WIFI_11AC_TX_VERIFY_ALL,WIFI_11AC_TX_VERIFY_ALL,WIFI_11AC_TX_VERIFY_ALL,WIFI_11AC_TX_VERIFY_ALL,WIFI_11AC_TX_VERIFY_ALL,WIFI_11AC_TX_VERIFY_ALL,WIFI_11AC_TX_VERIFY_ALL,WIFI_11AC_TX_VERIFY_ALL,WIFI_11AC_TX_VERIFY_ALL,WIFI_11AC_TX_VERIFY_ALL,WIFI_11AC_TX_VERIFY_ALL,WIFI_11AC_TX_VERIFY_ALL,WIFI_11AC_TX_VERIFY_ALL,WIFI_11AC_TX_VERIFY_ALL,WIFI_11AC_TX_VERIFY_ALL,WIFI_11AC_TX_VERIFY_ALL,WIFI_11AC_TX_VERIFY_ALL,WIFI_11AC_TX_VERIFY_ALL,WIFI_11AC_TX_VERIFY_ALL,WIFI_11AC_TX_VERIFY_ALL,WIFI_11AC_TX_VERIFY_ALL,WIFI_11AC_TX_VERIFY_ALL,WIFI_11AC_TX_VERIFY_ALL,WIFI_11AC_TX_VERIFY_ALL,WIFI_11AC_TX_VERIFY_ALL,WIFI_11AC_TX_VERIFY_ALL,WIFI_11AC_TX_VERIFY_ALL,WIFI_11AC_TX_VERIFY_ALL,WIFI_11AC_TX_VERIFY_ALL,WIFI_11AC_TX_VERIFY_ALL,WIFI_11AC_TX_VERIFY_ALL,WIFI_11AC_TX_VERIFY_ALL,WIFI_11AC_TX_VERIFY_ALL,WIFI_11AC_TX_VERIFY_ALL,WIFI_11AC_TX_VERIFY_ALL,WIFI_11AC_TX_VERIFY_ALL,WIFI_11AC_TX_VERIFY_ALL,WIFI_11AC_TX_VERIFY_ALL,WIFI_11AC_TX_VERIFY_ALL,WIFI_11AC_TX_VERIFY_ALL,WIFI_11AC_TX_VERIFY_ALL,WIFI_11AC_TX_VERIFY_ALL,WIFI_11AC_TX_VERIFY_ALL,WIFI_11AC_RX_VERIFY_PER,WIFI_11AC_RX_VERIFY_PER,WIFI_11AC_RX_VERIFY_PER,WIFI_11AC_RX_VERIFY_PER,WIFI_11AC_RX_VERIFY_PER,WIFI_11AC_RX_VERIFY_PER,WIFI_11AC_RX_VERIFY_PER,WIFI_11AC_RX_VERIFY_PER,WIFI_11AC_RX_VERIFY_PER,WIFI_11AC_RX_VERIFY_PER,WIFI_11AC_RX_VERIFY_PER,WIFI_11AC_RX_VERIFY_PER,WIFI_11AC_RX_VERIFY_PER,WIFI_11AC_RX_VERIFY_PER,WIFI_11AC_RX_VERIFY_PER,WIFI_11AC_RX_VERIFY_PER,WIFI_11AC_RX_VERIFY_PER,WIFI_11AC_RX_VERIFY_PER,WIFI_11AC_RX_VERIFY_PER,WIFI_11AC_RX_VERIFY_PER,WIFI_11AC_RX_VERIFY_PER,WIFI_11AC_RX_VERIFY_PER,WIFI_11AC_RX_VERIFY_PER,WIFI_11AC_RX_VERIFY_PER,ATC_WRITE_MAC_ADDRESS,ATC_WRITE_MAC_ADDRESS,ATC_WRITE_EEPROM,ATC_REMOVE_DUT
Condition,RIGHT 192.168.100.254 ,BT QCA_9377.dll Setup\dutSetup_QCA9377.txt NULL ,,,,,,,,,,,,,,,,,,,,,,,,,,,,,,,,,,,BT ,WIFI QCA_9377.dll Setup\dutSetup_QCA9377.txt  ,,,2412 MHz CCK-11 BW-20 ANT_1 19 dBm ,2412 MHz CCK-11 BW-20 ANT_1 19 dBm ,2412 MHz CCK-11 BW-20 ANT_1 19 dBm ,2412 MHz CCK-11 BW-20 ANT_1 19 dBm ,2412 MHz CCK-11 BW-20 ANT_1 19 dBm ,2412 MHz CCK-11 BW-20 ANT_1 19 dBm ,2442 MHz CCK-11 BW-20 ANT_1 19 dBm ,2442 MHz CCK-11 BW-20 ANT_1 19 dBm ,2442 MHz CCK-11 BW-20 ANT_1 19 dBm ,2442 MHz CCK-11 BW-20 ANT_1 19 dBm ,2442 MHz CCK-11 BW-20 ANT_1 19 dBm ,2442 MHz CCK-11 BW-20 ANT_1 19 dBm ,2467 MHz CCK-11 BW-20 ANT_1 19 dBm ,2467 MHz CCK-11 BW-20 ANT_1 19 dBm ,2467 MHz CCK-11 BW-20 ANT_1 19 dBm ,2467 MHz CCK-11 BW-20 ANT_1 19 dBm ,2467 MHz CCK-11 BW-20 ANT_1 19 dBm ,2467 MHz CCK-11 BW-20 ANT_1 19 dBm ,2412 MHz OFDM-54 BW-20 ANT_1 16 dBm ,2412 MHz OFDM-54 BW-20 ANT_1 16 dBm ,2412 MHz OFDM-54 BW-20 ANT_1 16 dBm ,2412 MHz OFDM-54 BW-20 ANT_1 16 dBm ,2412 MHz OFDM-54 BW-20 ANT_1 16 dBm ,2412 MHz OFDM-54 BW-20 ANT_1 16 dBm ,2442 MHz OFDM-54 BW-20 ANT_1 16 dBm ,2442 MHz OFDM-54 BW-20 ANT_1 16 dBm ,2442 MHz OFDM-54 BW-20 ANT_1 16 dBm ,2442 MHz OFDM-54 BW-20 ANT_1 16 dBm ,2442 MHz OFDM-54 BW-20 ANT_1 16 dBm ,2442 MHz OFDM-54 BW-20 ANT_1 16 dBm ,2467 MHz OFDM-54 BW-20 ANT_1 16 dBm ,2467 MHz OFDM-54 BW-20 ANT_1 16 dBm ,2467 MHz OFDM-54 BW-20 ANT_1 16 dBm ,2467 MHz OFDM-54 BW-20 ANT_1 16 dBm ,2467 MHz OFDM-54 BW-20 ANT_1 16 dBm ,2467 MHz OFDM-54 BW-20 ANT_1 16 dBm ,2412 MHz MCS7 BW-20 ANT_1 16 dBm ,2412 MHz MCS7 BW-20 ANT_1 16 dBm ,2412 MHz MCS7 BW-20 ANT_1 16 dBm ,2412 MHz MCS7 BW-20 ANT_1 16 dBm ,2412 MHz MCS7 BW-20 ANT_1 16 dBm ,2412 MHz MCS7 BW-20 ANT_1 16 dBm ,2442 MHz MCS7 BW-20 ANT_1 16 dBm ,2442 MHz MCS7 BW-20 ANT_1 16 dBm ,2442 MHz MCS7 BW-20 ANT_1 16 dBm ,2442 MHz MCS7 BW-20 ANT_1 16 dBm ,2442 MHz MCS7 BW-20 ANT_1 16 dBm ,2442 MHz MCS7 BW-20 ANT_1 16 dBm ,2467 MHz MCS7 BW-20 ANT_1 16 dBm ,2467 MHz MCS7 BW-20 ANT_1 16 dBm ,2467 MHz MCS7 BW-20 ANT_1 16 dBm ,2467 MHz MCS7 BW-20 ANT_1 16 dBm ,2467 MHz MCS7 BW-20 ANT_1 16 dBm ,2467 MHz MCS7 BW-20 ANT_1 16 dBm ,2422 MHz MCS7 BW-40 ANT_1 16 dBm ,2422 MHz MCS7 BW-40 ANT_1 16 dBm ,2422 MHz MCS7 BW-40 ANT_1 16 dBm ,2422 MHz MCS7 BW-40 ANT_1 16 dBm ,2422 MHz MCS7 BW-40 ANT_1 16 dBm ,2422 MHz MCS7 BW-40 ANT_1 16 dBm ,2442 MHz MCS7 BW-40 ANT_1 16 dBm ,2442 MHz MCS7 BW-40 ANT_1 16 dBm ,2442 MHz MCS7 BW-40 ANT_1 16 dBm ,2442 MHz MCS7 BW-40 ANT_1 16 dBm ,2442 MHz MCS7 BW-40 ANT_1 16 dBm ,2442 MHz MCS7 BW-40 ANT_1 16 dBm ,2467 MHz MCS7 BW-40 ANT_1 16 dBm ,2467 MHz MCS7 BW-40 ANT_1 16 dBm ,2467 MHz MCS7 BW-40 ANT_1 16 dBm ,2467 MHz MCS7 BW-40 ANT_1 16 dBm ,2467 MHz MCS7 BW-40 ANT_1 16 dBm ,2467 MHz MCS7 BW-40 ANT_1 16 dBm ,5180 MHz OFDM-54 BW-20 ANT_1 13 dBm ,5180 MHz OFDM-54 BW-20 ANT_1 13 dBm ,5180 MHz OFDM-54 BW-20 ANT_1 13 dBm ,5180 MHz OFDM-54 BW-20 ANT_1 13 dBm ,5180 MHz OFDM-54 BW-20 ANT_1 13 dBm ,5180 MHz OFDM-54 BW-20 ANT_1 13 dBm ,5500 MHz OFDM-54 BW-20 ANT_1 13 dBm ,5500 MHz OFDM-54 BW-20 ANT_1 13 dBm ,5500 MHz OFDM-54 BW-20 ANT_1 13 dBm ,5500 MHz OFDM-54 BW-20 ANT_1 13 dBm ,5500 MHz OFDM-54 BW-20 ANT_1 13 dBm ,5500 MHz OFDM-54 BW-20 ANT_1 13 dBm ,5765 MHz OFDM-54 BW-20 ANT_1 13 dBm ,5765 MHz OFDM-54 BW-20 ANT_1 13 dBm ,5765 MHz OFDM-54 BW-20 ANT_1 13 dBm ,5765 MHz OFDM-54 BW-20 ANT_1 13 dBm ,5765 MHz OFDM-54 BW-20 ANT_1 13 dBm ,5765 MHz OFDM-54 BW-20 ANT_1 13 dBm ,5180 MHz MCS7 BW-20 ANT_1 11 dBm ,5180 MHz MCS7 BW-20 ANT_1 11 dBm ,5180 MHz MCS7 BW-20 ANT_1 11 dBm ,5180 MHz MCS7 BW-20 ANT_1 11 dBm ,5180 MHz MCS7 BW-20 ANT_1 11 dBm ,5180 MHz MCS7 BW-20 ANT_1 11 dBm ,5500 MHz MCS7 BW-20 ANT_1 11 dBm ,5500 MHz MCS7 BW-20 ANT_1 11 dBm ,5500 MHz MCS7 BW-20 ANT_1 11 dBm ,5500 MHz MCS7 BW-20 ANT_1 11 dBm ,5500 MHz MCS7 BW-20 ANT_1 11 dBm ,5500 MHz MCS7 BW-20 ANT_1 11 dBm ,5765 MHz MCS7 BW-20 ANT_1 11 dBm ,5765 MHz MCS7 BW-20 ANT_1 11 dBm ,5765 MHz MCS7 BW-20 ANT_1 11 dBm ,5765 MHz MCS7 BW-20 ANT_1 11 dBm ,5765 MHz MCS7 BW-20 ANT_1 11 dBm ,5765 MHz MCS7 BW-20 ANT_1 11 dBm ,5190 MHz MCS7 BW-40 ANT_1 11 dBm ,5190 MHz MCS7 BW-40 ANT_1 11 dBm ,5190 MHz MCS7 BW-40 ANT_1 11 dBm ,5190 MHz MCS7 BW-40 ANT_1 11 dBm ,5190 MHz MCS7 BW-40 ANT_1 11 dBm ,5190 MHz MCS7 BW-40 ANT_1 11 dBm ,5510 MHz MCS7 BW-40 ANT_1 11 dBm ,5510 MHz MCS7 BW-40 ANT_1 11 dBm ,5510 MHz MCS7 BW-40 ANT_1 11 dBm ,5510 MHz MCS7 BW-40 ANT_1 11 dBm ,5510 MHz MCS7 BW-40 ANT_1 11 dBm ,5510 MHz MCS7 BW-40 ANT_1 11 dBm ,5755 MHz MCS7 BW-40 ANT_1 11 dBm ,5755 MHz MCS7 BW-40 ANT_1 11 dBm ,5755 MHz MCS7 BW-40 ANT_1 11 dBm ,5755 MHz MCS7 BW-40 ANT_1 11 dBm ,5755 MHz MCS7 BW-40 ANT_1 11 dBm ,5755 MHz MCS7 BW-40 ANT_1 11 dBm ,5210 MHz MCS9 BW-80 ANT_1 9 dBm ,5210 MHz MCS9 BW-80 ANT_1 9 dBm ,5210 MHz MCS9 BW-80 ANT_1 9 dBm ,5210 MHz MCS9 BW-80 ANT_1 9 dBm ,5210 MHz MCS9 BW-80 ANT_1 9 dBm ,5210 MHz MCS9 BW-80 ANT_1 9 dBm ,5530 MHz MCS9 BW-80 ANT_1 9 dBm ,5530 MHz MCS9 BW-80 ANT_1 9 dBm ,5530 MHz MCS9 BW-80 ANT_1 9 dBm ,5530 MHz MCS9 BW-80 ANT_1 9 dBm ,5530 MHz MCS9 BW-80 ANT_1 9 dBm ,5530 MHz MCS9 BW-80 ANT_1 9 dBm ,5775 MHz MCS9 BW-80 ANT_1 9 dBm ,5775 MHz MCS9 BW-80 ANT_1 9 dBm ,5775 MHz MCS9 BW-80 ANT_1 9 dBm ,5775 MHz MCS9 BW-80 ANT_1 9 dBm ,5775 MHz MCS9 BW-80 ANT_1 9 dBm ,5775 MHz MCS9 BW-80 ANT_1 9 dBm ,2412 MHz CCK-11 BW-20 ANT_1 -84 dBm ,2442 MHz CCK-11 BW-20 ANT_1 -84 dBm ,2467 MHz CCK-11 BW-20 ANT_1 -84 dBm ,2412 MHz OFDM-54 BW-20 ANT_1 -67 dBm ,2442 MHz OFDM-54 BW-20 ANT_1 -67 dBm ,2467 MHz OFDM-54 BW-20 ANT_1 -67 dBm ,2412 MHz MCS7 BW-20 ANT_1 -63.5 dBm ,2442 MHz MCS7 BW-20 ANT_1 -63.5 dBm ,2467 MHz MCS7 BW-20 ANT_1 -63.5 dBm ,2422 MHz MCS7 BW-40 ANT_1 -62.5 dBm ,2442 MHz MCS7 BW-40 ANT_1 -62.5 dBm ,2467 MHz MCS7 BW-40 ANT_1 -62.5 dBm ,5180 MHz OFDM-54 BW-20 ANT_1 -67 dBm ,5500 MHz OFDM-54 BW-20 ANT_1 -67 dBm ,5765 MHz OFDM-54 BW-20 ANT_1 -67 dBm ,5180 MHz MCS7 BW-20 ANT_1 -63.5 dBm ,5500 MHz MCS7 BW-20 ANT_1 -63.5 dBm ,5765 MHz MCS7 BW-20 ANT_1 -63.5 dBm ,5190 MHz MCS7 BW-40 ANT_1 -62.5 dBm ,5510 MHz MCS7 BW-40 ANT_1 -62.5 dBm ,5755 MHz MCS7 BW-40 ANT_1 -62.5 dBm ,5210 MHz MCS9 BW-80 ANT_1 -51 dBm ,5530 MHz MCS9 BW-80 ANT_1 -51 dBm ,5775 MHz MCS9 BW-80 ANT_1 -51 dBm ,,,NONE ,WIFI_11AC 
Name,Serial Number,DUT_VERSION,Ini Freq Error (KHz),Freq Drift (KHz),Delta F2 Max (KHz),Power (dBm),Freq Delta F1 Avg (KHz),DELTA_F2_F1_AV_RATIO (),DEVM Avg (%),DEVM Peakg (%),Power Diff (dB),Edr Omega I (KHz),Edr Omega 0 (KHz),Edr Omega I0 (KHz),DEVM 99PCT (%),Power (dBm),DEVM Avg (%),DEVM Peakg (%),Power Diff (dB),Edr Omega I (KHz),Edr Omega 0 (KHz),Edr Omega I0 (KHz),DEVM 99PCT (%),Power (dBm),Ini Freq Error (KHz),Delta F2 Avg (KHz),Delta F2 Max (KHz),Delta F0 Fn Max (KHz),Delta F1 F0 (KHz),Delta Fn Fn5 Max (KHz),Power (dBm),Delta F1 Avg (KHz),Ratio of F2 To F1 (),BER (%),BER (%),PER (%),STATUS,DUT_VERSION,DUT_NAME,DUT_DRIVER_INFO,EVM (dB),Freq Error (ppm),Sym Clk Error (ppm),Power (dBm),LO Leakage (dBc),Spectrum Mask (%),EVM (dB),Freq Error (ppm),Sym Clk Error (ppm),Power (dBm),LO Leakage (dBc),Spectrum Mask (%),EVM (dB),Freq Error (ppm),Sym Clk Error (ppm),Power (dBm),LO Leakage (dBc),Spectrum Mask (%),EVM (dB),Freq Error (ppm),Sym Clk Error (ppm),Power (dBm),LO Leakage (dBc),Spectrum Mask (%),EVM (dB),Freq Error (ppm),Sym Clk Error (ppm),Power (dBm),LO Leakage (dBc),Spectrum Mask (%),EVM (dB),Freq Error (ppm),Sym Clk Error (ppm),Power (dBm),LO Leakage (dBc),Spectrum Mask (%),EVM (dB),Freq Error (ppm),Sym Clk Error (ppm),Power (dBm),LO Leakage (dBc),Spectrum Mask (%),EVM (dB),Freq Error (ppm),Sym Clk Error (ppm),Power (dBm),LO Leakage (dBc),Spectrum Mask (%),EVM (dB),Freq Error (ppm),Sym Clk Error (ppm),Power (dBm),LO Leakage (dBc),Spectrum Mask (%),EVM (dB),Freq Error (ppm),Sym Clk Error (ppm),Power (dBm),LO Leakage (dBc),Spectrum Mask (%),EVM (dB),Freq Error (ppm),Sym Clk Error (ppm),Power (dBm),LO Leakage (dBc),Spectrum Mask (%),EVM (dB),Freq Error (ppm),Sym Clk Error (ppm),Power (dBm),LO Leakage (dBc),Spectrum Mask (%),EVM (dB),Freq Error (ppm),Sym Clk Error (ppm),Power (dBm),LO Leakage (dBc),Spectrum Mask (%),EVM (dB),Freq Error (ppm),Sym Clk Error (ppm),Power (dBm),LO Leakage (dBc),Spectrum Mask (%),EVM (dB),Freq Error (ppm),Sym Clk Error (ppm),Power (dBm),LO Leakage (dBc),Spectrum Mask (%),EVM (dB),Freq Error (ppm),Sym Clk Error (ppm),Power (dBm),LO Leakage (dBc),Spectrum Mask (%),EVM (dB),Freq Error (ppm),Sym Clk Error (ppm),Power (dBm),LO Leakage (dBc),Spectrum Mask (%),EVM (dB),Freq Error (ppm),Sym Clk Error (ppm),Power (dBm),LO Leakage (dBc),Spectrum Mask (%),EVM (dB),Freq Error (ppm),Sym Clk Error (ppm),Power (dBm),LO Leakage (dBc),Spectrum Mask (%),EVM (dB),Freq Error (ppm),Sym Clk Error (ppm),Power (dBm),LO Leakage (dBc),Spectrum Mask (%),EVM (dB),Freq Error (ppm),Sym Clk Error (ppm),Power (dBm),LO Leakage (dBc),Spectrum Mask (%),EVM (dB),Freq Error (ppm),Sym Clk Error (ppm),Power (dBm),LO Leakage (dBc),Spectrum Mask (%),EVM (dB),Freq Error (ppm),Sym Clk Error (ppm),Power (dBm),LO Leakage (dBc),Spectrum Mask (%),EVM (dB),Freq Error (ppm),Sym Clk Error (ppm),Power (dBm),LO Leakage (dBc),Spectrum Mask (%),PER (%),PER (%),PER (%),PER (%),PER (%),PER (%),PER (%),PER (%),PER (%),PER (%),PER (%),PER (%),PER (%),PER (%),PER (%),PER (%),PER (%),PER (%),PER (%),PER (%),PER (%),PER (%),PER (%),PER (%),STATUS,STATUS,STATUS,STATUS
Value,IQ112EA2387,1.0.2 (2024-05-14),41.8655,1.42432,168.631,5.35896,147.129,1.20841,4.33995,8.82872,-0.493887,40.5058,0.487749,40.9936,100,3.06879,4.67071,9.60119,-0.496576,41.2432,0.420319,41.6635,100,3.79848,39.061,266.745,268.986,2.5224,1.3414,0.762823,5.52875,248.102,1.07514,0,0,0,OK,1.0.1 (2018-08-15),Qualcomm9377 V1.0.0 (2018-08-15)
,QLIB V6.1.174,QPHONEMS,-18.1064,-2.5002,-3.1931,19.5831,-69.8033,0,-18.3316,-2.5388,-4.61727,19.5242,-47.7492,0,-18.3472,-2.58881,-1.643,19.5137,-51.9509,0,-33.0772,-2.59311,-0.549602,16.9086,-47.3249,0,-29.3691,-2.61834,2.73041,16.689,-41.9834,0,-34.4942,-2.60301,-2.91882,16.9613,-43.7141,0,-33.4538,-2.62527,-0.623158,16.3795,-48.4598,0,-33.6733,-2.62391,-4.74495,16.4973,-41.9754,0,-35.8832,-2.6292,-3.14049,16.5041,-54.804,0,-35.4221,-2.60078,-2.87021,16.083,-36.4989,0,-35.9897,-2.59431,-3.47749,16.1305,-44.3437,0,-35.4532,-2.57451,-2.31479,15.7697,-36.7566,0,-32.7415,-2.72811,-2.82824,12.1539,-41.6669,0,-35.3402,-2.92548,0.331404,12.1224,-43.1957,0,-27.9894,-2.97321,0.65839,12.7234,-35.3745,0,-36.0287,-3.07832,-2.38978,11.0448,-44.9023,0,-38.0574,-3.16984,-4.36818,10.9843,-45.5399,0,-37.6838,-3.23036,-2.84821,11.0995,-40.2033,0,-34.2999,-3.22356,-3.8087,11.1078,-41.7919,0,-37.708,-3.2762,-3.80225,10.8967,-40.0376,0,-37.2935,-3.27711,-2.89016,11.0287,-46.0705,0,-37.1733,-3.24738,-1.83741,7.96705,-38.0179,0,-38.6637,-3.17804,-2.92836,8.33524,-39.8922,0,-38.3591,-3.17272,-3.58668,8.16934,-39.7857,0,0,0,0,0,0,0,0,0,0,0,0,0,0,0,0,0,0,0,0,0,0,0,0,0,OK,OK,OK,OK
Upper_Limit,none,none,75,25,200,10,175,100,20,35,1,75,10,75,100,10,13,25,1,75,10,75,100,10,150,320,320,50,20,20,10,275,10,0.01,0.01,10,none,none,none,none,-10,20,20,21,-15,2,-10,20,20,21,-15,2,-10,20,20,21,-15,2,-25,20,20,18,-15,2,-25,20,20,18,-15,2,-25,20,20,18,-15,2,-28,20,20,18,-17,2,-28,20,20,18,-17,2,-28,20,20,18,-17,2,-28,20,20,18,-17,2,-28,20,20,18,-17,2,-28,20,20,18,-17,2,-25,20,20,15,-15,2,-25,20,20,15,-15,2,-25,20,20,15,-15,2,-28,20,20,13,-17,2,-28,20,20,13,-17,2,-28,20,20,13,-17,2,-28,20,20,13,-17,2,-28,20,20,13,-17,2,-28,20,20,13,-17,2,-32,20,20,11,-17,2,-32,20,20,11,-17,2,-32,20,20,11,-17,2,8,8,8,10,10,10,10,10,10,10,10,10,10,10,10,10,10,10,10,10,10,10,10,10,none,none,none,none
Lower_Limit,none,none,-75,-25,115,0,140,0.8,0,0,-4,-75,-10,-75,99,0,0,0,-4,-75,-10,-75,99,0,-150,185,185,0,0,0,0,225,0.8,0,0,0,none,none,none,none,-80,-20,-20,17,-100,0,-80,-20,-20,17,-100,0,-80,-20,-20,17,-100,0,-80,-20,-20,14,-100,0,-80,-20,-20,14,-100,0,-80,-20,-20,14,-100,0,-80,-20,-20,14,-100,0,-80,-20,-20,14,-100,0,-80,-20,-20,14,-100,0,-80,-20,-20,14,-100,0,-80,-20,-20,14,-100,0,-80,-20,-20,14,-100,0,-80,-20,-20,11,-100,0,-80,-20,-20,11,-100,0,-80,-20,-20,11,-100,0,-80,-20,-20,9,-100,0,-80,-20,-20,9,-100,0,-80,-20,-20,9,-100,0,-80,-20,-20,9,-100,0,-80,-20,-20,9,-100,0,-80,-20,-20,9,-100,0,-80,-20,-20,7,-100,0,-80,-20,-20,7,-100,0,-80,-20,-20,7,-100,0,0,0,0,0,0,0,0,0,0,0,0,0,0,0,0,0,0,0,0,0,0,0,0,0,none,none,none,none
Final Result,Pass
Test Time, 01:17.6

